period_us,workers,load,pattern,n,mean_p99_ms,median_p99_ms,min_p99_ms,max_p99_ms,sd_p99_ms,mean_p50_ms,mean_throttle_fraction,mean_cpu_cores,mean_successful_rps,total_scheduled,total_errors,total_rejected,cv_p99
0,1,high,bursty,5,6.461408199999999,6.474247,6.397895,6.482211,0.03584928740156484,4.2968798,0.0,0.4473820753437665,113.21537650753086,33965,0,0,0.0055482158520126995
0,1,high,steady,5,5.9275846,5.925567,5.875232,5.966366,0.03463835026816376,4.9902136,0.0,0.48941460121468533,113.21569196264583,33965,0,0,0.005843585980732145
0,1,moderate,bursty,5,6.5369184,6.533738,6.468152,6.587271,0.048196490767482246,5.6934272,0.0,0.32301831129394776,66.59815598961052,19980,0,0,0.007372968089594364
0,1,moderate,steady,5,6.6052843999999995,6.611654,6.56202,6.62902,0.02590331788207823,5.8175326,0.0,0.32791785418743497,66.59923929291467,19980,0,0,0.0039216052350566815
0,2,high,bursty,5,6.451768799999999,6.451662,6.395441,6.4965,0.04057499266420168,4.3025314,0.0,0.44752372601009044,113.21562520939408,33965,0,0,0.00628897189623436
0,2,high,steady,5,5.9340868,5.931446,5.905803,5.966621,0.021667063165090227,5.0072612,0.0,0.48905183901182603,113.21550034384788,33965,0,0,0.003651288546215776
0,2,moderate,bursty,5,6.5050724,6.518068,6.45696,6.537051,0.03244999285516148,5.6744148,0.0,0.32284496906681315,66.59806069781726,19980,0,0,0.0049884137884708985
0,2,moderate,steady,5,6.6054464,6.594742,6.571134,6.690504,0.049159600270953965,5.8262408,0.0,0.328431515859877,66.5992956129201,19980,0,0,0.007442282821484097
0,4,high,bursty,5,6.459906599999999,6.467261,6.393737,6.514327,0.04323312908291492,4.3005696,0.0,0.4474473212333917,113.21524795742899,33965,0,0,0.006692531604545943
0,4,high,steady,5,5.9428274000000005,5.943378,5.925923,5.961615,0.013806794678707969,5.0077766,0.0,0.4884732400508417,113.21523115842493,33965,0,0,0.0023232703474962047
0,4,moderate,bursty,5,6.5138062,6.524841,6.430643,6.565423,0.04983968151182361,5.6855046,0.0,0.32324706028009503,66.59834420277836,19980,0,0,0.007651391518498601
0,4,moderate,steady,5,6.620488399999999,6.630636,6.558022,6.649824,0.03783384835435043,5.8343036,0.0,0.32857556024082185,66.5992194304973,19980,0,0,0.005714661225650728
10000,1,high,bursty,5,1075.0123724,1069.400584,1038.266104,1132.526558,40.01876633649547,496.59847,0.6661761452736795,0.41965176137698706,104.94541694597851,33965,0,1939,0.03722633093715217
10000,1,high,steady,5,23.6466826,19.008103,13.438673,51.263314,15.732371596208639,5.5051414,0.6333029217352664,0.48811991537195043,113.21321442345129,33965,0,0,0.6653098814041949
10000,1,moderate,bursty,5,6.610562,6.616661,6.471924,6.712711,0.09402530184211062,5.6666365999999995,0.06058890117306912,0.3224960803180997,66.59848017687196,19980,0,0,0.014223495951193049
10000,1,moderate,steady,5,6.605207,6.606446,6.584779,6.632517,0.018059589128770266,5.8089394,0.044825862356273956,0.3276343262737859,66.59930038084713,19980,0,0,0.00273414430899293
10000,2,high,bursty,5,1306.8678862000002,1315.965355,1260.215051,1350.303112,36.90253745056024,767.5477094,0.7441644940788096,0.4409093701280954,95.40650820650427,33965,0,4721,0.02823738944099569
10000,2,high,steady,5,355.77065419999997,127.956105,83.750214,1296.248243,526.3683355082485,257.3973724,0.8912425114583205,0.4946619183798247,111.90126945657339,33965,0,257,1.479515888380005
10000,2,moderate,bursty,5,18.367879199999997,15.81636,6.535889,40.921378,14.19908635929075,5.6805031999999995,0.07094613014808006,0.3227184235385515,66.59821959054327,19980,0,0,0.7730389668117347
10000,2,moderate,steady,5,6.6276644000000005,6.6232,6.605078,6.652596,0.0177285959201509,5.8279654,0.052694973060045544,0.3283294523336739,66.59923803759644,19980,0,0,0.002674938688831453
10000,4,high,bursty,5,1248.3308924,1212.824228,1169.284135,1349.884964,85.36408147941376,619.1414098,0.7004511381722722,0.43075369771851574,102.96789048500037,33965,0,2451,0.06838257548469026
10000,4,high,steady,5,429.831459,215.011442,106.983431,1423.289363,557.2637982340178,275.4428026,0.9098696662425013,0.49468954798020326,110.87940142285781,33965,0,553,1.296470480616957
10000,4,moderate,bursty,5,6.640663999999999,6.568203,6.474666,6.996253,0.20491643659428624,5.6742224,0.056282159130564925,0.3231188567358087,66.59821040368226,19980,0,0,0.03085782334331119
10000,4,moderate,steady,5,6.596457200000001,6.598953,6.548114,6.624385,0.029516663161678853,5.8144098,0.0468967505415764,0.3277758962485693,66.59914797103201,19980,0,0,0.0044746236148820685
50000,1,high,bursty,5,1005.9932572,1002.828064,1000.938429,1021.517293,8.731529426256795,502.21217340000004,0.64781102489275,0.4237516118000161,104.43175137329601,33965,0,2127,0.00867951088515188
50000,1,high,steady,5,7.354925,7.464328,7.009832,7.644004,0.3136674212856671,5.0189982,0.3381165695253955,0.48953678209724627,113.21506641428839,33965,0,0,0.04264726306327626
50000,1,moderate,bursty,5,6.551554,6.578506,6.48415,6.611251,0.05504963515319618,5.6876826000000005,0.010996669442131558,0.3235703736050346,66.59801342614949,19980,0,0,0.0084025309343701
50000,1,moderate,steady,5,6.581756,6.569497,6.561195,6.632281,0.02973066363201492,5.815658600000001,0.0,0.32803119070988246,66.5993319152711,19980,0,0,0.004517132454016058
50000,2,high,bursty,5,1246.5124276,1245.665562,1242.380628,1250.43535,3.136906931723468,748.3554586,0.7044115521378898,0.43598507148247484,95.68285859502284,33965,0,4695,0.00251654685686783
50000,2,high,steady,5,6.9706922,6.994392,6.354242,7.39226,0.4023966965162612,5.0237738,0.30133333333333334,0.48815053150469695,113.2147875312913,33965,0,0,0.05772693514085462
50000,2,moderate,bursty,5,6.515528600000001,6.520049,6.477912,6.563078,0.037567089736896105,5.6891312,0.010498057174576742,0.3231332402830577,66.5985380172933,19980,0,0,0.005765777735500402
50000,2,moderate,steady,5,6.610016,6.611709,6.602941,6.615673,0.00499354132855646,5.8278334,0.0,0.3284600688291311,66.59912743915054,19980,0,0,0.0007554507172987872
50000,4,high,bursty,5,1382.6528644,1381.703037,1381.248823,1384.647318,1.7253128740235575,781.4485712,0.7097348272642391,0.4372553546509435,96.0764779516002,33965,0,4563,0.001247827938918171
50000,4,high,steady,5,6.8781802,6.898633,6.760913,6.947612,0.07361967778861842,5.0184654,0.2979548986955315,0.48843081714575165,113.2150538867177,33965,0,0,0.010703365664746384
50000,4,moderate,bursty,5,6.5114456,6.518798,6.463791,6.563756,0.039740555145845916,5.6645594,0.00749819594782126,0.32276224418258315,66.59808553408921,19980,0,0,0.00610318469770306
50000,4,moderate,steady,5,6.628299800000001,6.630087,6.595798,6.663001,0.025337819414858933,5.8254532,0.0,0.32833270264904263,66.5990322760121,19980,0,0,0.003822672507187881
100000,1,high,bursty,5,828.7628354000001,838.295018,801.851931,849.828281,20.04143379869305,305.9447164,0.6166979949874687,0.4181077813921526,111.67656910370351,33965,0,0,0.024182351020868482
100000,1,high,steady,5,6.05989,6.066323,6.018522,6.103226,0.03811254975070562,5.0168566,0.16460843039378814,0.4886964122213337,113.21494903340192,33965,0,0,0.006289313791290867
100000,1,moderate,bursty,5,6.5266893999999995,6.51028,6.468369,6.58097,0.05085338882316495,5.6942324,0.002,0.3232447696549695,66.59808033741406,19980,0,0,0.007791605468948002
100000,1,moderate,steady,5,6.612222,6.601416,6.56595,6.700365,0.05381161887083482,5.8358848000000005,0.0,0.3285393754309819,66.5993056173144,19980,0,0,0.008138205110299506
100000,2,high,bursty,5,2500.3259461999996,2823.794443,1082.118007,3903.515237,1353.242060298341,390.91792560000005,0.6519218241042346,0.4253291257281907,105.94492054222023,33965,9,1611,0.5412262598622395
100000,2,high,steady,5,6.0886088,6.095051,5.929761,6.226471,0.11140652645693594,5.0200256,0.18633333333333332,0.4892491131647353,113.21580795705943,33965,0,0,0.01829753398788504
100000,2,moderate,bursty,5,6.527061999999999,6.541759,6.483956,6.567234,0.038632102835595185,5.692792799999999,0.004666666666666667,0.3234598495065607,66.5980470031536,19980,0,0,0.005918758368710944
100000,2,moderate,steady,5,6.5718018,6.557073,6.529477,6.637018,0.043940843206520516,5.813190199999999,0.0,0.328129094203836,66.59900904786716,19980,0,0,0.006686270302083747
100000,4,high,bursty,5,4302.713744799999,4313.388593,4220.354597,4353.542979,49.24155177501453,171.595819,0.71531310639032,0.43948463205671573,110.41883055992946,33965,8,142,0.011444301130774713
100000,4,high,steady,5,5.9839912,6.007624,5.929623,6.025128,0.04288220361292063,5.0131358,0.15766666666666668,0.48728904143980944,113.21528427765854,33965,0,0,0.007166154190353861
100000,4,moderate,bursty,5,6.526405800000001,6.516793,6.489344,6.594463,0.04039950098330417,5.6816382,0.0029977814753189133,0.3230624502289675,66.59825993965106,19980,0,0,0.006190160744111892
100000,4,moderate,steady,5,6.6224364,6.617016,6.598424,6.654554,0.02308729544143296,5.827997,0.0,0.3286578496330991,66.59916654596137,19980,0,0,0.0034862238075148537
250000,1,high,bursty,5,478.78403779999996,480.75063,460.917021,494.909173,12.19000434400538,155.7529872,0.5595041322314049,0.4080595237519954,112.46991372096616,33965,0,0,0.02546033990610491
250000,1,high,steady,5,5.9717392,5.973667,5.943869,5.991977,0.018602237102025788,5.0062938,0.06743775933609959,0.48938831563509577,113.21503138807711,33965,0,0,0.0031150451282309496
250000,1,moderate,bursty,5,6.5019532,6.492335,6.442121,6.557781,0.05061324779343868,5.676381600000001,0.0,0.3228069204300373,66.59831023464315,19980,0,0,0.007784314380090998
250000,1,moderate,steady,5,6.583210599999999,6.598825,6.529972,6.634574,0.043333352089354835,5.8148484,0.0,0.32760271725413576,66.59920286531153,19980,0,0,0.0065824040460371784
250000,2,high,bursty,5,722.3692186000001,722.013033,710.597277,734.333048,8.597129582983165,236.610556,0.5860082304526749,0.41430025857285846,112.05820143782587,33965,0,0,0.011901295572428982
250000,2,high,steady,5,5.9478984,5.948509,5.912853,5.981725,0.02460375822511651,5.0067438,0.04666666666666667,0.4886128827266643,113.215439996333,33965,0,0,0.004136546485917868
250000,2,moderate,bursty,5,6.520549,6.53149,6.460432,6.547884,0.03622611261231351,5.6908476,0.0,0.32283992832186625,66.598167569364,19980,0,0,0.005555684438889043
250000,2,moderate,steady,5,6.5690008,6.556263,6.519221,6.608186,0.03793556559747081,5.8252634,0.0,0.3285990512948128,66.59909255767585,19980,0,0,0.005774936973286837
250000,4,high,bursty,5,1157.632531,1105.442582,962.899358,1614.847339,267.9373206634873,164.3216716,0.5876543209876544,0.41692232615304564,112.02327893745753,33965,0,0,0.23145282590843788
250000,4,high,steady,5,5.922071,5.924686,5.870992,5.958054,0.03385900425293087,4.993425,0.045,0.48902104731934104,113.215204305698,33965,0,0,0.00571742626066639
250000,4,moderate,bursty,5,6.5411176,6.535286,6.501782,6.575173,0.03310925401304015,5.6913602,0.0,0.32326584787182494,66.59793407401052,19980,0,0,0.005061712086179303
250000,4,moderate,steady,5,6.6012034,6.617162,6.505613,6.646982,0.05677793532966834,5.8270404,0.0,0.3285058587467403,66.59907113181097,19980,0,0,0.008601149197988406
