iterations,rate,period_us,quota_us,workers,pattern,burst_low,burst_high,load,trial,run_id,duration_sec,warmup_sec,p99_ms,p50_ms,p95_ms,cpu_usage_cores,throttling_fraction,successful_rps,failed,flags
44000,113.21,0,0,1,bursty,56.605,169.815,high,1,p0_w1_high_bursty_r1,60,20,6.482211,4.30224,6.178122,0.44749664840405595,,113.21487722250792,0,
44000,113.21,0,0,1,bursty,56.605,169.815,high,2,p0_w1_high_bursty_r2,60,20,6.397895,4.284218,6.109108,0.4466169410730375,,113.21590590672612,0,
44000,113.21,0,0,1,bursty,56.605,169.815,high,3,p0_w1_high_bursty_r3,60,20,6.470731,4.306544,6.150327,0.44800516416174807,,113.21469733851852,0,
44000,113.21,0,0,1,bursty,56.605,169.815,high,4,p0_w1_high_bursty_r4,60,20,6.474247,4.29384,6.189481,0.4475885116237172,,113.21535835187247,0,
44000,113.21,0,0,1,bursty,56.605,169.815,high,5,p0_w1_high_bursty_r5,60,20,6.481957,4.297557,6.151849,0.4472031114562737,,113.21604371802931,0,
44000,113.21,0,0,1,steady,56.605,169.815,high,1,p0_w1_high_steady_r1,60,20,5.966366,4.996368,5.695585,0.48854184951261576,,113.21498219000648,0,
44000,113.21,0,0,1,steady,56.605,169.815,high,2,p0_w1_high_steady_r2,60,20,5.950023,4.986338,5.676474,0.4896579234096032,,113.21624687025796,0,
44000,113.21,0,0,1,steady,56.605,169.815,high,3,p0_w1_high_steady_r3,60,20,5.875232,4.968748,5.6576,0.48975713036957563,,113.21625184609378,0,
44000,113.21,0,0,1,steady,56.605,169.815,high,4,p0_w1_high_steady_r4,60,20,5.920735,5.004895,5.682085,0.48881536591541647,,113.21487682437522,0,
44000,113.21,0,0,1,steady,56.605,169.815,high,5,p0_w1_high_steady_r5,60,20,5.925567,4.994719,5.692511,0.49030073686621556,,113.21610208249574,0,
44000,66.59,0,0,1,bursty,33.295,99.885,moderate,1,p0_w1_moderate_bursty_r1,60,20,6.517848,5.691941,6.275903,0.3227841811288503,,66.59858956619036,0,
44000,66.59,0,0,1,bursty,33.295,99.885,moderate,2,p0_w1_moderate_bursty_r2,60,20,6.533738,5.651913,6.228967,0.32204942058724945,,66.59766651322204,0,
44000,66.59,0,0,1,bursty,33.295,99.885,moderate,3,p0_w1_moderate_bursty_r3,60,20,6.468152,5.684118,6.236769,0.3225637922928159,,66.59786124076525,0,
44000,66.59,0,0,1,bursty,33.295,99.885,moderate,4,p0_w1_moderate_bursty_r4,60,20,6.577583,5.740258,6.349556,0.3242495276110747,,66.59853400310018,0,
44000,66.59,0,0,1,bursty,33.295,99.885,moderate,5,p0_w1_moderate_bursty_r5,60,20,6.587271,5.698906,6.317725,0.3234446348497484,,66.59812862477474,0,
44000,66.59,0,0,1,steady,33.295,99.885,moderate,1,p0_w1_moderate_steady_r1,60,20,6.611654,5.805282,6.389202,0.32737610905658543,,66.59955646693379,0,
44000,66.59,0,0,1,steady,33.295,99.885,moderate,2,p0_w1_moderate_steady_r2,60,20,6.604067,5.81893,6.365053,0.32795413274732593,,66.5991508930157,0,
44000,66.59,0,0,1,steady,33.295,99.885,moderate,3,p0_w1_moderate_steady_r3,60,20,6.619661,5.822517,6.358635,0.3279103545498763,,66.59867873993265,0,
44000,66.59,0,0,1,steady,33.295,99.885,moderate,4,p0_w1_moderate_steady_r4,60,20,6.56202,5.823551,6.335434,0.328051704735726,,66.59922213218536,0,
44000,66.59,0,0,1,steady,33.295,99.885,moderate,5,p0_w1_moderate_steady_r5,60,20,6.62902,5.817383,6.37604,0.3282969698476612,,66.59958823250585,0,
44000,113.21,0,0,2,bursty,56.605,169.815,high,1,p0_w2_high_bursty_r1,60,20,6.431706,4.300905,6.134244,0.44729799337305165,,113.2156588472886,0,
44000,113.21,0,0,2,bursty,56.605,169.815,high,2,p0_w2_high_bursty_r2,60,20,6.395441,4.297501,6.098166,0.4468032414953355,,113.21544654002545,0,
44000,113.21,0,0,2,bursty,56.605,169.815,high,3,p0_w2_high_bursty_r3,60,20,6.4965,4.293832,6.187092,0.44729926053104224,,113.21557936499863,0,
44000,113.21,0,0,2,bursty,56.605,169.815,high,4,p0_w2_high_bursty_r4,60,20,6.483535,4.310252,6.181764,0.4486941380825088,,113.21603009255507,0,
44000,113.21,0,0,2,bursty,56.605,169.815,high,5,p0_w2_high_bursty_r5,60,20,6.451662,4.310167,6.13009,0.447523996568514,,113.21541120210262,0,
44000,113.21,0,0,2,steady,56.605,169.815,high,1,p0_w2_high_steady_r1,60,20,5.935641,5.006017,5.704313,0.48788273097920337,,113.21466016513146,0,
44000,113.21,0,0,2,steady,56.605,169.815,high,2,p0_w2_high_steady_r2,60,20,5.905803,4.99913,5.684305,0.4883543791457005,,113.21570165376433,0,
44000,113.21,0,0,2,steady,56.605,169.815,high,3,p0_w2_high_steady_r3,60,20,5.930923,5.0112,5.699742,0.4896888809899135,,113.21551250999364,0,
44000,113.21,0,0,2,steady,56.605,169.815,high,4,p0_w2_high_steady_r4,60,20,5.931446,4.999837,5.696996,0.48966523269823964,,113.21597242821068,0,
44000,113.21,0,0,2,steady,56.605,169.815,high,5,p0_w2_high_steady_r5,60,20,5.966621,5.020122,5.727508,0.4896679712460734,,113.21565496213928,0,
44000,66.59,0,0,2,bursty,33.295,99.885,moderate,1,p0_w2_moderate_bursty_r1,60,20,6.45696,5.655331,6.239881,0.3229313042405996,,66.59803993643712,0,
44000,66.59,0,0,2,bursty,33.295,99.885,moderate,2,p0_w2_moderate_bursty_r2,60,20,6.52536,5.669169,6.251393,0.32268725996327885,,66.59801317370322,0,
44000,66.59,0,0,2,bursty,33.295,99.885,moderate,3,p0_w2_moderate_bursty_r3,60,20,6.487923,5.662742,6.24232,0.3225029554720279,,66.59812380320606,0,
44000,66.59,0,0,2,bursty,33.295,99.885,moderate,4,p0_w2_moderate_bursty_r4,60,20,6.537051,5.689307,6.287686,0.32314434815808496,,66.59812865474305,0,
44000,66.59,0,0,2,bursty,33.295,99.885,moderate,5,p0_w2_moderate_bursty_r5,60,20,6.518068,5.695525,6.292409,0.32295897750007435,,66.5979979209968,0,
44000,66.59,0,0,2,steady,33.295,99.885,moderate,1,p0_w2_moderate_steady_r1,60,20,6.594742,5.829572,6.342928,0.3285204280499693,,66.59967136503164,0,
44000,66.59,0,0,2,steady,33.295,99.885,moderate,2,p0_w2_moderate_steady_r2,60,20,6.571134,5.810114,6.34203,0.327585920066209,,66.59912719068853,0,
44000,66.59,0,0,2,steady,33.295,99.885,moderate,3,p0_w2_moderate_steady_r3,60,20,6.598432,5.820483,6.354877,0.3279508598455775,,66.59950502359874,0,
44000,66.59,0,0,2,steady,33.295,99.885,moderate,4,p0_w2_moderate_steady_r4,60,20,6.57242,5.818863,6.359932,0.3284426158405911,,66.59872217253763,0,
44000,66.59,0,0,2,steady,33.295,99.885,moderate,5,p0_w2_moderate_steady_r5,60,20,6.690504,5.852172,6.429172,0.32965775549703813,,66.59945231274396,0,
44000,113.21,0,0,4,bursty,56.605,169.815,high,1,p0_w4_high_bursty_r1,60,20,6.393737,4.297095,6.121218,0.4467453298217465,,113.2151918274581,0,
44000,113.21,0,0,4,bursty,56.605,169.815,high,2,p0_w4_high_bursty_r2,60,20,6.468132,4.312433,6.154781,0.44851196576565733,,113.21518570637012,0,
44000,113.21,0,0,4,bursty,56.605,169.815,high,3,p0_w4_high_bursty_r3,60,20,6.456076,4.288537,6.152555,0.44744220727263756,,113.21515939739814,0,
44000,113.21,0,0,4,bursty,56.605,169.815,high,4,p0_w4_high_bursty_r4,60,20,6.467261,4.286184,6.188077,0.4469430044151705,,113.21526304459158,0,
44000,113.21,0,0,4,bursty,56.605,169.815,high,5,p0_w4_high_bursty_r5,60,20,6.514327,4.318599,6.20337,0.447594098891747,,113.215439811327,0,
44000,113.21,0,0,4,steady,56.605,169.815,high,1,p0_w4_high_steady_r1,60,20,5.933848,4.998917,5.702372,0.4866831585197203,,113.2158408420196,0,
44000,113.21,0,0,4,steady,56.605,169.815,high,2,p0_w4_high_steady_r2,60,20,5.943378,5.015419,5.717531,0.4882500960036137,,113.21512309167844,0,
44000,113.21,0,0,4,steady,56.605,169.815,high,3,p0_w4_high_steady_r3,60,20,5.949373,4.998506,5.710334,0.4886687509184656,,113.21573186701178,0,
44000,113.21,0,0,4,steady,56.605,169.815,high,4,p0_w4_high_steady_r4,60,20,5.925923,5.005775,5.699874,0.48965057108152177,,113.21478280475831,0,
44000,113.21,0,0,4,steady,56.605,169.815,high,5,p0_w4_high_steady_r5,60,20,5.961615,5.020266,5.718278,0.4891136237308873,,113.21467718665652,0,
44000,66.59,0,0,4,bursty,33.295,99.885,moderate,1,p0_w4_moderate_bursty_r1,60,20,6.520639,5.694489,6.280745,0.3231724085034478,,66.59828282321585,0,
44000,66.59,0,0,4,bursty,33.295,99.885,moderate,2,p0_w4_moderate_bursty_r2,60,20,6.527485,5.66898,6.268258,0.32321037088802446,,66.59738577289939,0,
44000,66.59,0,0,4,bursty,33.295,99.885,moderate,3,p0_w4_moderate_bursty_r3,60,20,6.565423,5.739202,6.352553,0.3242326095868985,,66.59862122983424,0,
44000,66.59,0,0,4,bursty,33.295,99.885,moderate,4,p0_w4_moderate_bursty_r4,60,20,6.430643,5.625541,6.187092,0.32215951202319254,,66.59881568769038,0,
44000,66.59,0,0,4,bursty,33.295,99.885,moderate,5,p0_w4_moderate_bursty_r5,60,20,6.524841,5.699311,6.279441,0.32346040039891183,,66.59861550025197,0,
44000,66.59,0,0,4,steady,33.295,99.885,moderate,1,p0_w4_moderate_steady_r1,60,20,6.614719,5.865781,6.391261,0.33002536636179053,,66.59916379865912,0,
44000,66.59,0,0,4,steady,33.295,99.885,moderate,2,p0_w4_moderate_steady_r2,60,20,6.649824,5.843477,6.374549,0.3290013526367292,,66.59910061799563,0,
44000,66.59,0,0,4,steady,33.295,99.885,moderate,3,p0_w4_moderate_steady_r3,60,20,6.558022,5.800008,6.340334,0.327585350884177,,66.59890048101258,0,
44000,66.59,0,0,4,steady,33.295,99.885,moderate,4,p0_w4_moderate_steady_r4,60,20,6.649241,5.841343,6.38615,0.32848801467479477,,66.59930601081163,0,
44000,66.59,0,0,4,steady,33.295,99.885,moderate,5,p0_w4_moderate_steady_r5,60,20,6.630636,5.820909,6.352911,0.32777771664661765,,66.59962624400751,0,
44000,113.21,100000,50000,1,bursty,56.605,169.815,high,1,p100000_w1_high_bursty_r1,60,20,801.851931,295.455871,753.527022,0.4168923405871318,0.6167763157894737,111.7223049579269,0,
44000,113.21,100000,50000,1,bursty,56.605,169.815,high,2,p100000_w1_high_bursty_r2,60,20,849.828281,311.970446,792.477514,0.4182952519770355,0.6223316912972086,111.57059699790868,0,
44000,113.21,100000,50000,1,bursty,56.605,169.815,high,3,p100000_w1_high_bursty_r3,60,20,839.977575,310.945876,787.819778,0.41876336382785234,0.6167763157894737,111.71637328503758,0,
44000,113.21,100000,50000,1,bursty,56.605,169.815,high,4,p100000_w1_high_bursty_r4,60,20,838.295018,313.176161,787.000509,0.41858006580386614,0.6157635467980296,111.61974014089442,0,
44000,113.21,100000,50000,1,bursty,56.605,169.815,high,5,p100000_w1_high_bursty_r5,60,20,813.861372,298.175228,768.392342,0.4180078847648771,0.6118421052631579,111.75383013674998,0,
44000,113.21,100000,50000,1,steady,56.605,169.815,high,1,p100000_w1_high_steady_r1,60,20,6.088433,5.070442,5.796658,0.48832445978238515,0.165,113.21430283127356,0,
44000,113.21,100000,50000,1,steady,56.605,169.815,high,2,p100000_w1_high_steady_r2,60,20,6.103226,4.976124,5.693619,0.4897362627814122,0.19833333333333333,113.2145374842591,0,
44000,113.21,100000,50000,1,steady,56.605,169.815,high,3,p100000_w1_high_steady_r3,60,20,6.066323,5.012107,5.748265,0.4888839406501386,0.17470881863560733,113.21459581509568,0,
44000,113.21,100000,50000,1,steady,56.605,169.815,high,4,p100000_w1_high_steady_r4,60,20,6.022946,5.003918,5.709189,0.4889799697378588,0.14166666666666666,113.21543676209095,0,
44000,113.21,100000,50000,1,steady,56.605,169.815,high,5,p100000_w1_high_steady_r5,60,20,6.018522,5.021692,5.738752,0.48755742815487374,0.14333333333333334,113.21587227429033,0,
44000,66.59,100000,50000,1,bursty,33.295,99.885,moderate,1,p100000_w1_moderate_bursty_r1,60,20,6.494972,5.686238,6.272698,0.322492913090367,0.0,66.59770846608848,0,
44000,66.59,100000,50000,1,bursty,33.295,99.885,moderate,2,p100000_w1_moderate_bursty_r2,60,20,6.51028,5.696481,6.301781,0.3237256095127744,0.0016666666666666668,66.59865896385321,0,
44000,66.59,100000,50000,1,bursty,33.295,99.885,moderate,3,p100000_w1_moderate_bursty_r3,60,20,6.578856,5.721869,6.338425,0.32362915623949723,0.005,66.59813019533651,0,
44000,66.59,100000,50000,1,bursty,33.295,99.885,moderate,4,p100000_w1_moderate_bursty_r4,60,20,6.468369,5.664023,6.26391,0.3228669580625459,0.0,66.59788963386366,0,
44000,66.59,100000,50000,1,bursty,33.295,99.885,moderate,5,p100000_w1_moderate_bursty_r5,60,20,6.58097,5.702551,6.305155,0.3235092113696628,0.0033333333333333335,66.5980144279284,0,
44000,66.59,100000,50000,1,steady,33.295,99.885,moderate,1,p100000_w1_moderate_steady_r1,60,20,6.601416,5.815155,6.354267,0.3276181836331428,0.0,66.59945555500079,0,
44000,66.59,100000,50000,1,steady,33.295,99.885,moderate,2,p100000_w1_moderate_steady_r2,60,20,6.700365,5.880956,6.448244,0.32999148735788464,0.0,66.59965222105608,0,
44000,66.59,100000,50000,1,steady,33.295,99.885,moderate,3,p100000_w1_moderate_steady_r3,60,20,6.56595,5.816431,6.358584,0.32810978616052666,0.0,66.59874365022037,0,
44000,66.59,100000,50000,1,steady,33.295,99.885,moderate,4,p100000_w1_moderate_steady_r4,60,20,6.619854,5.844299,6.378883,0.32877152143023564,0.0,66.59942906529443,0,
44000,66.59,100000,50000,1,steady,33.295,99.885,moderate,5,p100000_w1_moderate_steady_r5,60,20,6.573525,5.822583,6.336487,0.32820589857311966,0.0,66.59924759500029,0,
44000,113.21,100000,50000,2,bursty,56.605,169.815,high,1,p100000_w2_high_bursty_r1,60,20,3609.548652,280.566641,1065.424951,0.4263293690592963,0.6540983606557377,106.16473339869276,320,
44000,113.21,100000,50000,2,bursty,56.605,169.815,high,2,p100000_w2_high_bursty_r2,60,20,2823.794443,364.456898,1073.529427,0.42435342276340937,0.6508196721311476,105.69572805151012,347,
44000,113.21,100000,50000,2,bursty,56.605,169.815,high,3,p100000_w2_high_bursty_r3,60,20,1082.118007,511.17959,1044.235542,0.4242557664415641,0.6475409836065574,105.89480541886438,337,
44000,113.21,100000,50000,2,bursty,56.605,169.815,high,4,p100000_w2_high_bursty_r4,60,20,3903.515237,286.215478,1416.930914,0.42797175572671964,0.6596091205211726,106.53213235937439,253,
44000,113.21,100000,50000,2,bursty,56.605,169.815,high,5,p100000_w2_high_bursty_r5,60,20,1082.653392,512.171021,1046.442455,0.4237353146499638,0.6475409836065574,105.43720348265956,363,
44000,113.21,100000,50000,2,steady,56.605,169.815,high,1,p100000_w2_high_steady_r1,60,20,6.095051,5.015498,5.73481,0.48923442166061626,0.175,113.21612228203816,0,
44000,113.21,100000,50000,2,steady,56.605,169.815,high,2,p100000_w2_high_steady_r2,60,20,6.044598,5.024393,5.735432,0.48851003701423923,0.18333333333333332,113.21508984463368,0,
44000,113.21,100000,50000,2,steady,56.605,169.815,high,3,p100000_w2_high_steady_r3,60,20,6.147163,5.05435,5.772291,0.4888109835719527,0.18,113.21601461601288,0,
44000,113.21,100000,50000,2,steady,56.605,169.815,high,4,p100000_w2_high_steady_r4,60,20,5.929761,4.998027,5.666279,0.48933415767864324,0.15666666666666668,113.2161160834856,0,
44000,113.21,100000,50000,2,steady,56.605,169.815,high,5,p100000_w2_high_steady_r5,60,20,6.226471,5.00786,5.736781,0.4903559658982251,0.23666666666666666,113.21569695912679,0,
44000,66.59,100000,50000,2,bursty,33.295,99.885,moderate,1,p100000_w2_moderate_bursty_r1,60,20,6.487919,5.683533,6.268844,0.32372669317044955,0.0016666666666666668,66.59855880829737,0,
44000,66.59,100000,50000,2,bursty,33.295,99.885,moderate,2,p100000_w2_moderate_bursty_r2,60,20,6.483956,5.660736,6.232588,0.322355545762771,0.0033333333333333335,66.59826632281086,0,
44000,66.59,100000,50000,2,bursty,33.295,99.885,moderate,3,p100000_w2_moderate_bursty_r3,60,20,6.567234,5.741605,6.334828,0.32483042718452115,0.006666666666666667,66.59786456611184,0,
44000,66.59,100000,50000,2,bursty,33.295,99.885,moderate,4,p100000_w2_moderate_bursty_r4,60,20,6.541759,5.660328,6.274359,0.32279186880975597,0.0016666666666666668,66.59786792475661,0,
44000,66.59,100000,50000,2,bursty,33.295,99.885,moderate,5,p100000_w2_moderate_bursty_r5,60,20,6.554442,5.717762,6.307986,0.32359471260530603,0.01,66.59767739379132,0,
44000,66.59,100000,50000,2,steady,33.295,99.885,moderate,1,p100000_w2_moderate_steady_r1,60,20,6.594445,5.814246,6.351513,0.32808772666460667,0.0,66.59905703727122,0,
44000,66.59,100000,50000,2,steady,33.295,99.885,moderate,2,p100000_w2_moderate_steady_r2,60,20,6.637018,5.849692,6.402813,0.3300266060202637,0.0,66.5991374346116,0,
44000,66.59,100000,50000,2,steady,33.295,99.885,moderate,3,p100000_w2_moderate_steady_r3,60,20,6.557073,5.807032,6.348911,0.3277698256792434,0.0,66.59890436921442,0,
44000,66.59,100000,50000,2,steady,33.295,99.885,moderate,4,p100000_w2_moderate_steady_r4,60,20,6.529477,5.807852,6.330689,0.3278080908220008,0.0,66.59880136143298,0,
44000,66.59,100000,50000,2,steady,33.295,99.885,moderate,5,p100000_w2_moderate_steady_r5,60,20,6.540996,5.787129,6.313961,0.3269532218330654,0.0,66.59914503680555,0,
44000,113.21,100000,50000,4,bursty,56.605,169.815,high,1,p100000_w4_high_bursty_r1,60,20,4353.542979,164.979069,3528.514796,0.4380910658841316,0.7133550488599348,110.16414156177169,29,
44000,113.21,100000,50000,4,bursty,56.605,169.815,high,2,p100000_w4_high_bursty_r2,60,20,4312.484715,171.343965,3727.209897,0.44092817806491347,0.7182410423452769,110.61251106466071,3,
44000,113.21,100000,50000,4,bursty,56.605,169.815,high,3,p100000_w4_high_bursty_r3,60,20,4313.388593,171.431353,3711.429148,0.43882473034125596,0.7163934426229508,110.49633994684329,53,
44000,113.21,100000,50000,4,bursty,56.605,169.815,high,4,p100000_w4_high_bursty_r4,60,20,4220.354597,184.898041,3530.447282,0.43960150412192256,0.7152209492635024,110.26960711728275,58,
44000,113.21,100000,50000,4,bursty,56.605,169.815,high,5,p100000_w4_high_bursty_r5,60,20,4313.79784,165.326667,3498.741776,0.4399776818713549,0.7133550488599348,110.55155310908884,7,
44000,113.21,100000,50000,4,steady,56.605,169.815,high,1,p100000_w4_high_steady_r1,60,20,5.929623,5.001417,5.692079,0.48813159735905476,0.15333333333333332,113.21615723358477,0,
44000,113.21,100000,50000,4,steady,56.605,169.815,high,2,p100000_w4_high_steady_r2,60,20,6.025128,5.023138,5.718398,0.48847123313443397,0.19333333333333333,113.21472828711306,0,
44000,113.21,100000,50000,4,steady,56.605,169.815,high,3,p100000_w4_high_steady_r3,60,20,6.007624,5.030052,5.755426,0.4878487403336018,0.16,113.21577598117466,0,
44000,113.21,100000,50000,4,steady,56.605,169.815,high,4,p100000_w4_high_steady_r4,60,20,5.946427,4.974912,5.706663,0.484014953554868,0.13,113.21517283397336,0,
44000,113.21,100000,50000,4,steady,56.605,169.815,high,5,p100000_w4_high_steady_r5,60,20,6.011154,5.03616,5.742364,0.48797868281708856,0.15166666666666667,113.21458705244692,0,
44000,66.59,100000,50000,4,bursty,33.295,99.885,moderate,1,p100000_w4_moderate_bursty_r1,60,20,6.516793,5.670867,6.273889,0.32360490662289315,0.0033333333333333335,66.59856286295212,0,
44000,66.59,100000,50000,4,bursty,33.295,99.885,moderate,2,p100000_w4_moderate_bursty_r2,60,20,6.525767,5.677591,6.265757,0.32304541274834697,0.0016666666666666668,66.59834279014743,0,
44000,66.59,100000,50000,4,bursty,33.295,99.885,moderate,3,p100000_w4_moderate_bursty_r3,60,20,6.505662,5.685078,6.27812,0.3219796469592575,0.0,66.59788706992626,0,
44000,66.59,100000,50000,4,bursty,33.295,99.885,moderate,4,p100000_w4_moderate_bursty_r4,60,20,6.594463,5.70565,6.310144,0.32354360472892296,0.0066555740432612314,66.59769922042604,0,
44000,66.59,100000,50000,4,bursty,33.295,99.885,moderate,5,p100000_w4_moderate_bursty_r5,60,20,6.489344,5.669005,6.248225,0.32313868008541713,0.0033333333333333335,66.59880775480346,0,
44000,66.59,100000,50000,4,steady,33.295,99.885,moderate,1,p100000_w4_moderate_steady_r1,60,20,6.605426,5.821628,6.361454,0.3288367854554266,0.0,66.59942599286725,0,
44000,66.59,100000,50000,4,steady,33.295,99.885,moderate,2,p100000_w4_moderate_steady_r2,60,20,6.598424,5.823934,6.351101,0.3282203353819878,0.0,66.59892167465952,0,
44000,66.59,100000,50000,4,steady,33.295,99.885,moderate,3,p100000_w4_moderate_steady_r3,60,20,6.636762,5.813625,6.372044,0.32866850896363126,0.0,66.59953428610662,0,
44000,66.59,100000,50000,4,steady,33.295,99.885,moderate,4,p100000_w4_moderate_steady_r4,60,20,6.654554,5.839598,6.398022,0.32877803516735066,0.0,66.59899014397269,0,
44000,66.59,100000,50000,4,steady,33.295,99.885,moderate,5,p100000_w4_moderate_steady_r5,60,20,6.617016,5.8412,6.398355,0.3287855831970992,0.0,66.59896063220076,0,
44000,113.21,10000,5000,1,bursty,56.605,169.815,high,1,p10000_w1_high_bursty_r1,60,20,1132.526558,585.981085,1097.234003,0.4159658066805654,0.6655732327374119,101.13790494399424,628,
44000,113.21,10000,5000,1,bursty,56.605,169.815,high,2,p10000_w1_high_bursty_r2,60,20,1095.731751,468.880105,1010.481735,0.421344116615069,0.6693416311824435,105.56291505048053,349,
44000,113.21,10000,5000,1,bursty,56.605,169.815,high,3,p10000_w1_high_bursty_r3,60,20,1069.400584,547.0831,1039.573645,0.41912661997466444,0.6685245901639344,103.91708186896041,455,
44000,113.21,10000,5000,1,bursty,56.605,169.815,high,4,p10000_w1_high_bursty_r4,60,20,1038.266104,434.67303,981.431859,0.4213162922889651,0.6645383104125737,107.28770958107373,241,
44000,113.21,10000,5000,1,bursty,56.605,169.815,high,5,p10000_w1_high_bursty_r5,60,20,1039.136865,446.37503,991.777467,0.4205059713256716,0.662902961872034,106.82147328538365,266,
44000,113.21,10000,5000,1,steady,56.605,169.815,high,1,p10000_w1_high_steady_r1,60,20,19.008103,5.426317,9.534016,0.48868382091809437,0.6340609898350275,113.21548492909575,0,
44000,113.21,10000,5000,1,steady,56.605,169.815,high,2,p10000_w1_high_steady_r2,60,20,51.263314,5.647515,14.004973,0.4883734346858533,0.6567238793534411,113.20961030222239,0,
44000,113.21,10000,5000,1,steady,56.605,169.815,high,3,p10000_w1_high_steady_r3,60,20,20.43143,5.661724,12.199127,0.48805071329888167,0.6386666666666667,113.2151060983227,0,
44000,113.21,10000,5000,1,steady,56.605,169.815,high,4,p10000_w1_high_steady_r4,60,20,14.091893,5.416094,9.278346,0.48777730372418554,0.6155,113.21424304408012,0,
44000,113.21,10000,5000,1,steady,56.605,169.815,high,5,p10000_w1_high_steady_r5,60,20,13.438673,5.374057,9.12506,0.48771430423273743,0.6215630728211965,113.21162774353546,0,
44000,66.59,10000,5000,1,bursty,33.295,99.885,moderate,1,p10000_w1_moderate_bursty_r1,60,20,6.616661,5.659718,6.272668,0.322121441548087,0.0621446775142129,66.5987300965245,0,
44000,66.59,10000,5000,1,bursty,33.295,99.885,moderate,2,p10000_w1_moderate_bursty_r2,60,20,6.574722,5.669028,6.271208,0.32263468172055315,0.05411764705882353,66.59838762195642,0,
44000,66.59,10000,5000,1,bursty,33.295,99.885,moderate,3,p10000_w1_moderate_bursty_r3,60,20,6.676792,5.690561,6.344873,0.3231067792341246,0.07334246039507139,66.59868017399579,0,
44000,66.59,10000,5000,1,bursty,33.295,99.885,moderate,4,p10000_w1_moderate_bursty_r4,60,20,6.712711,5.688571,6.326668,0.3228070286718171,0.07502930832356389,66.59795351037661,0,
44000,66.59,10000,5000,1,bursty,33.295,99.885,moderate,5,p10000_w1_moderate_bursty_r5,60,20,6.471924,5.625305,6.203546,0.3218104704159165,0.03831041257367387,66.59864948150644,0,
44000,66.59,10000,5000,1,steady,33.295,99.885,moderate,1,p10000_w1_moderate_steady_r1,60,20,6.608459,5.805121,6.383711,0.32783669717954467,0.046825529078486916,66.59961123364937,0,
44000,66.59,10000,5000,1,steady,33.295,99.885,moderate,2,p10000_w1_moderate_steady_r2,60,20,6.606446,5.817397,6.362489,0.3274003736158356,0.044825862356273956,66.5996671115539,0,
44000,66.59,10000,5000,1,steady,33.295,99.885,moderate,3,p10000_w1_moderate_steady_r3,60,20,6.584779,5.807584,6.365898,0.3275525840703221,0.04315947342109648,66.59935563902431,0,
44000,66.59,10000,5000,1,steady,33.295,99.885,moderate,4,p10000_w1_moderate_steady_r4,60,20,6.593834,5.821077,6.368926,0.32794853812192376,0.04565905682386269,66.59870097901766,0,
44000,66.59,10000,5000,1,steady,33.295,99.885,moderate,5,p10000_w1_moderate_steady_r5,60,20,6.632517,5.793518,6.357225,0.3274334383813034,0.04365939010164972,66.59916694099036,0,
44000,113.21,10000,5000,2,bursty,56.605,169.815,high,1,p10000_w2_high_bursty_r1,60,20,1260.215051,652.882374,1177.544278,0.43512885182895616,0.7204634464751958,101.20140489917127,592,
44000,113.21,10000,5000,2,bursty,56.605,169.815,high,2,p10000_w2_high_bursty_r2,60,20,1350.303112,887.927092,1325.687264,0.4463966576566068,0.7681773720247799,90.60103289745713,1237,
44000,113.21,10000,5000,2,bursty,56.605,169.815,high,3,p10000_w2_high_bursty_r3,60,20,1329.266,870.380612,1307.010878,0.44536388314507364,0.7615786040443575,91.21788733898937,1200,
44000,113.21,10000,5000,2,bursty,56.605,169.815,high,4,p10000_w2_high_bursty_r4,60,20,1278.589913,600.961804,1199.322552,0.4378464186904585,0.7327136333985649,101.82677183657698,550,
44000,113.21,10000,5000,2,bursty,56.605,169.815,high,5,p10000_w2_high_bursty_r5,60,20,1315.965355,825.586665,1290.467137,0.4398110393193819,0.7378894144511499,92.1854440603266,1142,
44000,113.21,10000,5000,2,steady,56.605,169.815,high,1,p10000_w2_high_steady_r1,60,20,1296.248243,1202.89309,1276.969897,0.49812501568975975,0.9573807968647943,106.74777595603882,257,
44000,113.21,10000,5000,2,steady,56.605,169.815,high,2,p10000_w2_high_steady_r2,60,20,155.183393,18.52047,104.829271,0.4942392890986575,0.8935177470421597,113.21105278339715,0,
44000,113.21,10000,5000,2,steady,56.605,169.815,high,3,p10000_w2_high_steady_r3,60,20,83.750214,8.905752,60.48994,0.4918890854963498,0.8223629395100817,113.21486376902092,0,
44000,113.21,10000,5000,2,steady,56.605,169.815,high,4,p10000_w2_high_steady_r4,60,20,127.956105,46.965915,104.504983,0.4969631854400111,0.9447035309793471,113.15848860607811,0,
44000,113.21,10000,5000,2,steady,56.605,169.815,high,5,p10000_w2_high_steady_r5,60,20,115.715316,9.701635,75.576309,0.4920930161743455,0.8382475428952191,113.17416616833198,0,
44000,66.59,10000,5000,2,bursty,33.295,99.885,moderate,1,p10000_w2_moderate_bursty_r1,60,20,6.604496,5.65101,6.244567,0.3226193278773124,0.045285238188590475,66.59796898171935,0,
44000,66.59,10000,5000,2,bursty,33.295,99.885,moderate,2,p10000_w2_moderate_bursty_r2,60,20,40.921378,5.709869,8.606389,0.3230578755598741,0.09767532721234616,66.59775306284926,0,
44000,66.59,10000,5000,2,bursty,33.295,99.885,moderate,3,p10000_w2_moderate_bursty_r3,60,20,15.81636,5.716394,6.497782,0.3228421556807618,0.08821233411397346,66.59779297910967,0,
44000,66.59,10000,5000,2,bursty,33.295,99.885,moderate,4,p10000_w2_moderate_bursty_r4,60,20,6.535889,5.64335,6.231314,0.3228548288165659,0.0427734375,66.59873774968351,0,
44000,66.59,10000,5000,2,bursty,33.295,99.885,moderate,5,p10000_w2_moderate_bursty_r5,60,20,21.961273,5.681893,6.552265,0.32221792975824337,0.08078431372549019,66.59884517935454,0,
44000,66.59,10000,5000,2,steady,33.295,99.885,moderate,1,p10000_w2_moderate_steady_r1,60,20,6.605078,5.804193,6.356539,0.3273200318836028,0.049491751374770875,66.59910599136093,0,
44000,66.59,10000,5000,2,steady,33.295,99.885,moderate,2,p10000_w2_moderate_steady_r2,60,20,6.621537,5.83408,6.377938,0.32855126256704714,0.0506582236293951,66.59909195468074,0,
44000,66.59,10000,5000,2,steady,33.295,99.885,moderate,3,p10000_w2_moderate_steady_r3,60,20,6.6232,5.811312,6.379204,0.3279669086999037,0.0506582236293951,66.59957923939827,0,
44000,66.59,10000,5000,2,steady,33.295,99.885,moderate,4,p10000_w2_moderate_steady_r4,60,20,6.635911,5.828052,6.360703,0.32813495286032246,0.055,66.59951206089487,0,
44000,66.59,10000,5000,2,steady,33.295,99.885,moderate,5,p10000_w2_moderate_steady_r5,60,20,6.652596,5.86219,6.411836,0.3296741056574933,0.057666666666666665,66.59890094164737,0,
44000,113.21,10000,5000,4,bursty,56.605,169.815,high,1,p10000_w4_high_bursty_r1,60,20,1349.884964,658.910307,1249.752905,0.4387003781323581,0.7348435462842242,102.0613415086608,531,
44000,113.21,10000,5000,4,bursty,56.605,169.815,high,2,p10000_w4_high_bursty_r2,60,20,1212.824228,648.775717,1157.376737,0.426564971004071,0.6811120196238757,101.51719652443649,586,
44000,113.21,10000,5000,4,bursty,56.605,169.815,high,3,p10000_w4_high_bursty_r3,60,20,1169.284135,561.817338,1109.266417,0.42563490904027207,0.680130825838103,105.35374641002115,353,
44000,113.21,10000,5000,4,bursty,56.605,169.815,high,4,p10000_w4_high_bursty_r4,60,20,1179.859668,583.481298,1126.592371,0.4242697057886287,0.6714122074946817,104.30283061021159,420,
44000,113.21,10000,5000,4,bursty,56.605,169.815,high,5,p10000_w4_high_bursty_r5,60,20,1329.801467,642.722389,1243.231829,0.43859852462724885,0.7347570916204761,101.60433737167179,561,
44000,113.21,10000,5000,4,steady,56.605,169.815,high,1,p10000_w4_high_steady_r1,60,20,179.999465,10.278025,94.560208,0.4929194917333506,0.8560732113144759,113.04220644586015,0,
44000,113.21,10000,5000,4,steady,56.605,169.815,high,2,p10000_w4_high_steady_r2,60,20,215.011442,14.415929,132.266663,0.4940090720828419,0.8921846358940176,113.21513573574978,0,
44000,113.21,10000,5000,4,steady,56.605,169.815,high,3,p10000_w4_high_steady_r3,60,20,1423.289363,1324.264698,1388.953591,0.49949554820355424,0.9980436909031627,101.74593658986309,553,
44000,113.21,10000,5000,4,steady,56.605,169.815,high,4,p10000_w4_high_steady_r4,60,20,223.873594,14.063164,119.736584,0.4932235762574954,0.9161946017994002,113.19062154426605,0,
44000,113.21,10000,5000,4,steady,56.605,169.815,high,5,p10000_w4_high_steady_r5,60,20,106.983431,14.192197,70.759123,0.49380005162377394,0.8868521913014498,113.20310679855002,0,
44000,66.59,10000,5000,4,bursty,33.295,99.885,moderate,1,p10000_w4_moderate_bursty_r1,60,20,6.568203,5.654019,6.246089,0.32342369894574996,0.04365700861393892,66.59891889308972,0,
44000,66.59,10000,5000,4,bursty,33.295,99.885,moderate,2,p10000_w4_moderate_bursty_r2,60,20,6.474666,5.631706,6.236059,0.3228185636371128,0.044357212953876346,66.59761499178244,0,
44000,66.59,10000,5000,4,bursty,33.295,99.885,moderate,3,p10000_w4_moderate_bursty_r3,60,20,6.612544,5.700814,6.267055,0.32305584540392585,0.06615776081424936,66.59857885514576,0,
44000,66.59,10000,5000,4,bursty,33.295,99.885,moderate,4,p10000_w4_moderate_bursty_r4,60,20,6.551654,5.660662,6.297113,0.3226192388934199,0.047926447574334896,66.59813232197716,0,
44000,66.59,10000,5000,4,bursty,33.295,99.885,moderate,5,p10000_w4_moderate_bursty_r5,60,20,6.996253,5.723911,6.448307,0.3236769367988351,0.07931236569642508,66.59780695641619,0,
44000,66.59,10000,5000,4,steady,33.295,99.885,moderate,1,p10000_w4_moderate_steady_r1,60,20,6.598953,5.828833,6.368922,0.3286949852318148,0.05132477920346609,66.59925449238516,0,
44000,66.59,10000,5000,4,steady,33.295,99.885,moderate,2,p10000_w4_moderate_steady_r2,60,20,6.624385,5.835855,6.388932,0.3284617958756255,0.04816666666666667,66.59899432743607,0,
44000,66.59,10000,5000,4,steady,33.295,99.885,moderate,3,p10000_w4_moderate_steady_r3,60,20,6.548114,5.795698,6.327743,0.32701727402226083,0.04615897350441593,66.59902373157102,0,
44000,66.59,10000,5000,4,steady,33.295,99.885,moderate,4,p10000_w4_moderate_steady_r4,60,20,6.595389,5.808966,6.349082,0.32704268915836826,0.04466666666666667,66.59960320400408,0,
44000,66.59,10000,5000,4,steady,33.295,99.885,moderate,5,p10000_w4_moderate_steady_r5,60,20,6.615445,5.802697,6.38108,0.32766273695477705,0.04416666666666667,66.59886409976374,0,
44000,113.21,250000,125000,1,bursty,56.605,169.815,high,1,p250000_w1_high_bursty_r1,60,20,480.75063,157.935114,438.100092,0.40785964666588637,0.5619834710743802,112.50011273859377,0,
44000,113.21,250000,125000,1,bursty,56.605,169.815,high,2,p250000_w1_high_bursty_r2,60,20,476.300837,152.308551,432.327265,0.40809027469478587,0.5578512396694215,112.45306058545356,0,
44000,113.21,250000,125000,1,bursty,56.605,169.815,high,3,p250000_w1_high_bursty_r3,60,20,494.909173,161.565433,450.909094,0.40923359591990505,0.5619834710743802,112.44359694333563,0,
44000,113.21,250000,125000,1,bursty,56.605,169.815,high,4,p250000_w1_high_bursty_r4,60,20,460.917021,151.432049,421.723315,0.4069212024625488,0.5578512396694215,112.48397846942152,0,
44000,113.21,250000,125000,1,bursty,56.605,169.815,high,5,p250000_w1_high_bursty_r5,60,20,481.042528,155.523789,435.858788,0.4081928990168508,0.5578512396694215,112.46881986802632,0,
44000,113.21,250000,125000,1,steady,56.605,169.815,high,1,p250000_w1_high_steady_r1,60,20,5.965161,5.00407,5.697386,0.48892952327749345,0.0875,113.21518902541865,0,
44000,113.21,250000,125000,1,steady,56.605,169.815,high,2,p250000_w1_high_steady_r2,60,20,5.991977,5.023145,5.729387,0.4886650898411284,0.07083333333333333,113.21453827108535,0,
44000,113.21,250000,125000,1,steady,56.605,169.815,high,3,p250000_w1_high_steady_r3,60,20,5.943869,4.988738,5.689194,0.48909370422201925,0.029166666666666667,113.21436459219373,0,
44000,113.21,250000,125000,1,steady,56.605,169.815,high,4,p250000_w1_high_steady_r4,60,20,5.973667,4.995589,5.713048,0.49023428882140097,0.07468879668049792,113.21576845804603,0,
44000,113.21,250000,125000,1,steady,56.605,169.815,high,5,p250000_w1_high_steady_r5,60,20,5.984022,5.019927,5.712603,0.49001897201343664,0.075,113.21529659364187,0,
44000,66.59,250000,125000,1,bursty,33.295,99.885,moderate,1,p250000_w1_moderate_bursty_r1,60,20,6.492335,5.672138,6.268576,0.32219677753240344,0.0,66.59843892593173,0,
44000,66.59,250000,125000,1,bursty,33.295,99.885,moderate,2,p250000_w1_moderate_bursty_r2,60,20,6.442121,5.662522,6.214774,0.3222700027958253,0.0,66.59857149283079,0,
44000,66.59,250000,125000,1,bursty,33.295,99.885,moderate,3,p250000_w1_moderate_bursty_r3,60,20,6.467747,5.657084,6.229646,0.32322339164453345,0.0,66.59812730283906,0,
44000,66.59,250000,125000,1,bursty,33.295,99.885,moderate,4,p250000_w1_moderate_bursty_r4,60,20,6.549782,5.681593,6.286414,0.32262326746140835,0.0,66.59831621142081,0,
44000,66.59,250000,125000,1,bursty,33.295,99.885,moderate,5,p250000_w1_moderate_bursty_r5,60,20,6.557781,5.708571,6.312872,0.3237211627160157,0.0,66.59809724019334,0,
44000,66.59,250000,125000,1,steady,33.295,99.885,moderate,1,p250000_w1_moderate_steady_r1,60,20,6.598825,5.798265,6.322945,0.32716496626507596,0.0,66.59956327780378,0,
44000,66.59,250000,125000,1,steady,33.295,99.885,moderate,2,p250000_w1_moderate_steady_r2,60,20,6.605499,5.829762,6.367762,0.32772609204275754,0.0,66.59882950115195,0,
44000,66.59,250000,125000,1,steady,33.295,99.885,moderate,3,p250000_w1_moderate_steady_r3,60,20,6.634574,5.857657,6.383512,0.3279842513960581,0.0,66.59907900688633,0,
44000,66.59,250000,125000,1,steady,33.295,99.885,moderate,4,p250000_w1_moderate_steady_r4,60,20,6.529972,5.797773,6.319944,0.3278013714633497,0.0,66.59961789024233,0,
44000,66.59,250000,125000,1,steady,33.295,99.885,moderate,5,p250000_w1_moderate_steady_r5,60,20,6.547183,5.790785,6.33185,0.3273369051034375,0.0,66.5989246504733,0,
44000,113.21,250000,125000,2,bursty,56.605,169.815,high,1,p250000_w2_high_bursty_r1,60,20,719.8255,253.953049,672.788046,0.41416899103161847,0.5843621399176955,112.03107471765944,0,
44000,113.21,250000,125000,2,bursty,56.605,169.815,high,2,p250000_w2_high_bursty_r2,60,20,734.333048,214.176836,680.253276,0.41423217375417426,0.5843621399176955,112.06645808762683,0,
44000,113.21,250000,125000,2,bursty,56.605,169.815,high,3,p250000_w2_high_bursty_r3,60,20,722.013033,250.139059,677.218718,0.4141281497743079,0.588477366255144,112.07860171009337,0,
44000,113.21,250000,125000,2,bursty,56.605,169.815,high,4,p250000_w2_high_bursty_r4,60,20,710.597277,228.61333,657.464359,0.414634446725414,0.5843621399176955,112.0341493996559,0,
44000,113.21,250000,125000,2,bursty,56.605,169.815,high,5,p250000_w2_high_bursty_r5,60,20,725.077235,236.170506,673.881149,0.41433753157877784,0.588477366255144,112.08072327409377,0,
44000,113.21,250000,125000,2,steady,56.605,169.815,high,1,p250000_w2_high_steady_r1,60,20,5.912853,4.991762,5.675801,0.4882209764515184,0.025,113.21465664610493,0,
44000,113.21,250000,125000,2,steady,56.605,169.815,high,2,p250000_w2_high_steady_r2,60,20,5.953122,4.989083,5.704905,0.4888009800295555,0.05,113.21482890129579,0,
44000,113.21,250000,125000,2,steady,56.605,169.815,high,3,p250000_w2_high_steady_r3,60,20,5.943283,5.021704,5.714597,0.4881791851587275,0.03333333333333333,113.21595692149351,0,
44000,113.21,250000,125000,2,steady,56.605,169.815,high,4,p250000_w2_high_steady_r4,60,20,5.948509,5.009035,5.701768,0.4887943144582783,0.05416666666666667,113.21563345702188,0,
44000,113.21,250000,125000,2,steady,56.605,169.815,high,5,p250000_w2_high_steady_r5,60,20,5.981725,5.022135,5.715855,0.48906895753524166,0.07083333333333333,113.2161240557489,0,
44000,66.59,250000,125000,2,bursty,33.295,99.885,moderate,1,p250000_w2_moderate_bursty_r1,60,20,6.460432,5.654072,6.214573,0.32235054730019447,0.0,66.59761363323976,0,
44000,66.59,250000,125000,2,bursty,33.295,99.885,moderate,2,p250000_w2_moderate_bursty_r2,60,20,6.53149,5.696651,6.326359,0.3230428539810945,0.0,66.59764352119122,0,
44000,66.59,250000,125000,2,bursty,33.295,99.885,moderate,3,p250000_w2_moderate_bursty_r3,60,20,6.547746,5.684308,6.295532,0.32235045405536933,0.0,66.59844692199783,0,
44000,66.59,250000,125000,2,bursty,33.295,99.885,moderate,4,p250000_w2_moderate_bursty_r4,60,20,6.515193,5.711092,6.294072,0.32368744299314234,0.0,66.59871554165275,0,
44000,66.59,250000,125000,2,bursty,33.295,99.885,moderate,5,p250000_w2_moderate_bursty_r5,60,20,6.547884,5.708115,6.297868,0.3227683432795304,0.0,66.59841822873847,0,
44000,66.59,250000,125000,2,steady,33.295,99.885,moderate,1,p250000_w2_moderate_steady_r1,60,20,6.608186,5.86275,6.391446,0.3298302183191526,0.0,66.59866801775982,0,
44000,66.59,250000,125000,2,steady,33.295,99.885,moderate,2,p250000_w2_moderate_steady_r2,60,20,6.555089,5.821434,6.355944,0.3288166685145101,0.0,66.5996686855182,0,
44000,66.59,250000,125000,2,steady,33.295,99.885,moderate,3,p250000_w2_moderate_steady_r3,60,20,6.519221,5.787996,6.305502,0.3270365051613157,0.0,66.59859807509103,0,
44000,66.59,250000,125000,2,steady,33.295,99.885,moderate,4,p250000_w2_moderate_steady_r4,60,20,6.606245,5.829863,6.369806,0.3291916097769413,0.0,66.59947782790408,0,
44000,66.59,250000,125000,2,steady,33.295,99.885,moderate,5,p250000_w2_moderate_steady_r5,60,20,6.556263,5.824274,6.348075,0.32812025470214423,0.0,66.59905018210604,0,
44000,113.21,250000,125000,4,bursty,56.605,169.815,high,1,p250000_w4_high_bursty_r1,60,20,1105.442582,158.174328,729.640304,0.4150257128456679,0.5843621399176955,112.06843377855807,0,
44000,113.21,250000,125000,4,bursty,56.605,169.815,high,2,p250000_w4_high_bursty_r2,60,20,1614.847339,134.04818,818.649447,0.4152105588416624,0.5843621399176955,112.04635277907008,0,
44000,113.21,250000,125000,4,bursty,56.605,169.815,high,3,p250000_w4_high_bursty_r3,60,20,962.899358,165.516266,727.505871,0.4153984889200954,0.5843621399176955,112.06057146059527,0,
44000,113.21,250000,125000,4,bursty,56.605,169.815,high,4,p250000_w4_high_bursty_r4,60,20,964.850638,165.961294,710.515109,0.41575489010446803,0.5843621399176955,111.99708671984357,0,
44000,113.21,250000,125000,4,bursty,56.605,169.815,high,5,p250000_w4_high_bursty_r5,60,20,1140.122738,197.90829,874.070248,0.42322198005333467,0.6008230452674898,111.94394994922065,0,
44000,113.21,250000,125000,4,steady,56.605,169.815,high,1,p250000_w4_high_steady_r1,60,20,5.945591,5.000247,5.7125,0.4897497512294613,0.05416666666666667,113.21596990728386,0,
44000,113.21,250000,125000,4,steady,56.605,169.815,high,2,p250000_w4_high_steady_r2,60,20,5.924686,4.994541,5.699001,0.48773509480150584,0.0375,113.21430880886426,0,
44000,113.21,250000,125000,4,steady,56.605,169.815,high,3,p250000_w4_high_steady_r3,60,20,5.958054,5.001273,5.712127,0.4889695516359873,0.029166666666666667,113.21471386946611,0,
44000,113.21,250000,125000,4,steady,56.605,169.815,high,4,p250000_w4_high_steady_r4,60,20,5.911032,4.987577,5.666966,0.48928827707164874,0.0375,113.21553928896954,0,
44000,113.21,250000,125000,4,steady,56.605,169.815,high,5,p250000_w4_high_steady_r5,60,20,5.870992,4.983487,5.657008,0.489362561858102,0.06666666666666667,113.2154896539062,0,
44000,66.59,250000,125000,4,bursty,33.295,99.885,moderate,1,p250000_w4_moderate_bursty_r1,60,20,6.575173,5.705702,6.328912,0.3235796524823379,0.0,66.5984254611557,0,
44000,66.59,250000,125000,4,bursty,33.295,99.885,moderate,2,p250000_w4_moderate_bursty_r2,60,20,6.501782,5.692566,6.270582,0.32355332289138844,0.0,66.59775057439728,0,
44000,66.59,250000,125000,4,bursty,33.295,99.885,moderate,3,p250000_w4_moderate_bursty_r3,60,20,6.535286,5.700272,6.29094,0.32351445834324727,0.0,66.59770238259769,0,
44000,66.59,250000,125000,4,bursty,33.295,99.885,moderate,4,p250000_w4_moderate_bursty_r4,60,20,6.574799,5.685832,6.305512,0.32303188092232193,0.0,66.59807911604393,0,
44000,66.59,250000,125000,4,bursty,33.295,99.885,moderate,5,p250000_w4_moderate_bursty_r5,60,20,6.518548,5.672429,6.276263,0.3226499247198291,0.0,66.59771283585803,0,
44000,66.59,250000,125000,4,steady,33.295,99.885,moderate,1,p250000_w4_moderate_steady_r1,60,20,6.638551,5.865731,6.420453,0.32960532010199217,0.0,66.59905270950405,0,
44000,66.59,250000,125000,4,steady,33.295,99.885,moderate,2,p250000_w4_moderate_steady_r2,60,20,6.617162,5.805066,6.362722,0.32799313297146054,0.0,66.59888543213289,0,
44000,66.59,250000,125000,4,steady,33.295,99.885,moderate,3,p250000_w4_moderate_steady_r3,60,20,6.505613,5.785021,6.311927,0.32683478503760666,0.0,66.5995854642002,0,
44000,66.59,250000,125000,4,steady,33.295,99.885,moderate,4,p250000_w4_moderate_steady_r4,60,20,6.597709,5.824559,6.36247,0.32815270940853086,0.0,66.59890812533105,0,
44000,66.59,250000,125000,4,steady,33.295,99.885,moderate,5,p250000_w4_moderate_steady_r5,60,20,6.646982,5.854825,6.416841,0.32994334621411125,0.0,66.59892392788663,0,
44000,113.21,50000,25000,1,bursty,56.605,169.815,high,1,p50000_w1_high_bursty_r1,60,20,1002.828064,503.22229,995.701319,0.42397168353305925,0.648360655737705,104.4786544118774,422,
44000,113.21,50000,25000,1,bursty,56.605,169.815,high,2,p50000_w1_high_bursty_r2,60,20,1021.517293,505.372054,1000.298646,0.42415785117115157,0.65,104.24194196769416,436,
44000,113.21,50000,25000,1,bursty,56.605,169.815,high,3,p50000_w1_high_bursty_r3,60,20,1001.414242,499.347614,994.872472,0.42412512680970194,0.6475409836065574,104.54300340597104,418,
44000,113.21,50000,25000,1,bursty,56.605,169.815,high,4,p50000_w1_high_bursty_r4,60,20,1000.938429,497.367566,994.144572,0.4229635150834468,0.6459016393442623,104.47712256240443,422,
44000,113.21,50000,25000,1,bursty,56.605,169.815,high,5,p50000_w1_high_bursty_r5,60,20,1003.268258,505.751343,996.15961,0.4235398824027208,0.6472518457752255,104.41803451853305,429,
44000,113.21,50000,25000,1,steady,56.605,169.815,high,1,p50000_w1_high_steady_r1,60,20,7.644004,5.016332,5.830231,0.4897586746616882,0.345,113.2143822740338,0,
44000,113.21,50000,25000,1,steady,56.605,169.815,high,2,p50000_w1_high_steady_r2,60,20,7.009832,4.999429,5.765755,0.4898700469926239,0.3475,113.21625362924323,0,
44000,113.21,50000,25000,1,steady,56.605,169.815,high,3,p50000_w1_high_steady_r3,60,20,7.030322,5.039789,5.829797,0.48857572829830503,0.3005828476269775,113.21427351316268,0,
44000,113.21,50000,25000,1,steady,56.605,169.815,high,4,p50000_w1_high_steady_r4,60,20,7.626139,5.009379,5.817075,0.48946791305026455,0.3433333333333333,113.21441643202093,0,
44000,113.21,50000,25000,1,steady,56.605,169.815,high,5,p50000_w1_high_steady_r5,60,20,7.464328,5.030062,5.818965,0.49001154748334974,0.3541666666666667,113.21600622298129,0,
44000,66.59,50000,25000,1,bursty,33.295,99.885,moderate,1,p50000_w1_moderate_bursty_r1,60,20,6.502541,5.656045,6.247273,0.3229136861316482,0.005,66.59790426717946,0,
44000,66.59,50000,25000,1,bursty,33.295,99.885,moderate,2,p50000_w1_moderate_bursty_r2,60,20,6.48415,5.649777,6.263513,0.3231472477769677,0.009166666666666667,66.59716138923181,0,
44000,66.59,50000,25000,1,bursty,33.295,99.885,moderate,3,p50000_w1_moderate_bursty_r3,60,20,6.611251,5.728845,6.368027,0.32450813874563444,0.019983347210657785,66.5983899350845,0,
44000,66.59,50000,25000,1,bursty,33.295,99.885,moderate,4,p50000_w1_moderate_bursty_r4,60,20,6.578506,5.69309,6.338962,0.3237765860652679,0.006666666666666667,66.59831099468501,0,
44000,66.59,50000,25000,1,bursty,33.295,99.885,moderate,5,p50000_w1_moderate_bursty_r5,60,20,6.581322,5.710656,6.348438,0.32350620930565477,0.014166666666666666,66.5983005445667,0,
44000,66.59,50000,25000,1,steady,33.295,99.885,moderate,1,p50000_w1_moderate_steady_r1,60,20,6.584153,5.823525,6.35645,0.3281589018332626,0.0,66.59966462517885,0,
44000,66.59,50000,25000,1,steady,33.295,99.885,moderate,2,p50000_w1_moderate_steady_r2,60,20,6.632281,5.821205,6.37826,0.3282592251402671,0.0,66.5988226693428,0,
44000,66.59,50000,25000,1,steady,33.295,99.885,moderate,3,p50000_w1_moderate_steady_r3,60,20,6.561654,5.800884,6.327233,0.3271874874354855,0.0,66.59890462117613,0,
44000,66.59,50000,25000,1,steady,33.295,99.885,moderate,4,p50000_w1_moderate_steady_r4,60,20,6.569497,5.826754,6.364495,0.32869411903374357,0.0,66.59971966180002,0,
44000,66.59,50000,25000,1,steady,33.295,99.885,moderate,5,p50000_w1_moderate_steady_r5,60,20,6.561195,5.805925,6.329296,0.32785622010665366,0.0,66.59954799885766,0,
44000,113.21,50000,25000,2,bursty,56.605,169.815,high,1,p50000_w2_high_bursty_r1,60,20,1245.665562,749.44639,1225.639279,0.4362862910341643,0.7044897959183674,95.79490722441393,927,
44000,113.21,50000,25000,2,bursty,56.605,169.815,high,2,p50000_w2_high_bursty_r2,60,20,1245.363222,752.823858,1226.498023,0.43591139080832264,0.7050653594771242,95.70694514018034,938,
44000,113.21,50000,25000,2,bursty,56.605,169.815,high,3,p50000_w2_high_bursty_r3,60,20,1248.717376,747.792055,1224.472725,0.43558638748611567,0.7031888798037612,95.60702865331275,948,
44000,113.21,50000,25000,2,bursty,56.605,169.815,high,4,p50000_w2_high_bursty_r4,60,20,1242.380628,747.321012,1221.258971,0.43536115989450747,0.7026143790849673,95.61597051869545,943,
44000,113.21,50000,25000,2,bursty,56.605,169.815,high,5,p50000_w2_high_bursty_r5,60,20,1250.43535,744.393978,1227.32089,0.43678012818926437,0.7066993464052288,95.68944143851171,939,
44000,113.21,50000,25000,2,steady,56.605,169.815,high,1,p50000_w2_high_steady_r1,60,20,6.354242,5.018888,5.767737,0.48719599327110596,0.29333333333333333,113.21488892496865,0,
44000,113.21,50000,25000,2,steady,56.605,169.815,high,2,p50000_w2_high_steady_r2,60,20,6.994392,5.028975,5.780781,0.4887353493649391,0.3,113.21450749618695,0,
44000,113.21,50000,25000,2,steady,56.605,169.815,high,3,p50000_w2_high_steady_r3,60,20,6.862959,5.021495,5.762938,0.4879540106940618,0.3025,113.21498122769346,0,
44000,113.21,50000,25000,2,steady,56.605,169.815,high,4,p50000_w2_high_steady_r4,60,20,7.39226,5.038156,5.805505,0.48779955242806533,0.2841666666666667,113.21512716736746,0,
44000,113.21,50000,25000,2,steady,56.605,169.815,high,5,p50000_w2_high_steady_r5,60,20,7.249608,5.011355,5.763719,0.4890677517653126,0.32666666666666666,113.21443284023994,0,
44000,66.59,50000,25000,2,bursty,33.295,99.885,moderate,1,p50000_w2_moderate_bursty_r1,60,20,6.477935,5.650669,6.262343,0.32280901019410874,0.011656952539550375,66.5983452742039,0,
44000,66.59,50000,25000,2,bursty,33.295,99.885,moderate,2,p50000_w2_moderate_bursty_r2,60,20,6.538669,5.693642,6.298043,0.32272391105798265,0.009166666666666667,66.59835375307364,0,
44000,66.59,50000,25000,2,bursty,33.295,99.885,moderate,3,p50000_w2_moderate_bursty_r3,60,20,6.520049,5.716097,6.286889,0.3239358054667999,0.0075,66.5989881604629,0,
44000,66.59,50000,25000,2,bursty,33.295,99.885,moderate,4,p50000_w2_moderate_bursty_r4,60,20,6.563078,5.717251,6.308323,0.32381384698580945,0.018333333333333333,66.59851722619302,0,
44000,66.59,50000,25000,2,bursty,33.295,99.885,moderate,5,p50000_w2_moderate_bursty_r5,60,20,6.477912,5.667997,6.265931,0.32238362771058754,0.005833333333333334,66.59848567253303,0,
44000,66.59,50000,25000,2,steady,33.295,99.885,moderate,1,p50000_w2_moderate_steady_r1,60,20,6.602941,5.815853,6.374432,0.3282045316161554,0.0,66.59944234732936,0,
44000,66.59,50000,25000,2,steady,33.295,99.885,moderate,2,p50000_w2_moderate_steady_r2,60,20,6.612597,5.828143,6.366171,0.32823323669144944,0.0,66.59964039746167,0,
44000,66.59,50000,25000,2,steady,33.295,99.885,moderate,3,p50000_w2_moderate_steady_r3,60,20,6.60716,5.840602,6.358768,0.32855987798656994,0.0,66.5986731657343,0,
44000,66.59,50000,25000,2,steady,33.295,99.885,moderate,4,p50000_w2_moderate_steady_r4,60,20,6.611709,5.817129,6.377392,0.3279919361666192,0.0,66.5986311805737,0,
44000,66.59,50000,25000,2,steady,33.295,99.885,moderate,5,p50000_w2_moderate_steady_r5,60,20,6.615673,5.83744,6.382966,0.32931076168486145,0.0,66.59925010465369,0,
44000,113.21,50000,25000,4,bursty,56.605,169.815,high,1,p50000_w4_high_bursty_r1,60,20,1381.252876,755.06331,1322.734714,0.4364358581073817,0.7118367346938775,96.38210777306158,891,
44000,113.21,50000,25000,4,bursty,56.605,169.815,high,2,p50000_w4_high_bursty_r2,60,20,1384.647318,790.565967,1326.299523,0.4377147374959457,0.7066993464052288,95.92760520570806,924,
44000,113.21,50000,25000,4,bursty,56.605,169.815,high,3,p50000_w4_high_bursty_r3,60,20,1384.412268,795.190621,1328.976911,0.4376448976625115,0.7110204081632653,95.94860588025892,917,
44000,113.21,50000,25000,4,bursty,56.605,169.815,high,4,p50000_w4_high_bursty_r4,60,20,1381.703037,788.767882,1320.054945,0.43775331501276077,0.7132352941176471,96.16472834343553,909,
44000,113.21,50000,25000,4,bursty,56.605,169.815,high,5,p50000_w4_high_bursty_r5,60,20,1381.248823,777.655076,1319.945507,0.4367279649761178,0.7058823529411765,95.95934255553694,922,
44000,113.21,50000,25000,4,steady,56.605,169.815,high,1,p50000_w4_high_steady_r1,60,20,6.947612,5.023668,5.789524,0.4877954984320302,0.2833333333333333,113.21451728716906,0,
44000,113.21,50000,25000,4,steady,56.605,169.815,high,2,p50000_w4_high_steady_r2,60,20,6.898633,5.033005,5.805707,0.48843410840864326,0.31666666666666665,113.21462627115999,0,
44000,113.21,50000,25000,4,steady,56.605,169.815,high,3,p50000_w4_high_steady_r3,60,20,6.925885,5.027217,5.797972,0.4886225793502452,0.31666666666666665,113.21437533979322,0,
44000,113.21,50000,25000,4,steady,56.605,169.815,high,4,p50000_w4_high_steady_r4,60,20,6.857858,4.998049,5.774287,0.48750859463619317,0.2706078268109908,113.21557604781411,0,
44000,113.21,50000,25000,4,steady,56.605,169.815,high,5,p50000_w4_high_steady_r5,60,20,6.760913,5.010388,5.771066,0.4897933049016464,0.3025,113.21617448765213,0,
44000,66.59,50000,25000,4,bursty,33.295,99.885,moderate,1,p50000_w4_moderate_bursty_r1,60,20,6.52977,5.67645,6.28254,0.3232897816728939,0.010824313072439634,66.59806870151634,0,
44000,66.59,50000,25000,4,bursty,33.295,99.885,moderate,2,p50000_w4_moderate_bursty_r2,60,20,6.481113,5.647641,6.248935,0.3219894616077704,0.0008333333333333334,66.59815316883441,0,
44000,66.59,50000,25000,4,bursty,33.295,99.885,moderate,3,p50000_w4_moderate_bursty_r3,60,20,6.463791,5.646666,6.21008,0.32259640517205146,0.006666666666666667,66.59843049365811,0,
44000,66.59,50000,25000,4,bursty,33.295,99.885,moderate,4,p50000_w4_moderate_bursty_r4,60,20,6.563756,5.690316,6.328479,0.3232730136759543,0.009166666666666667,66.59822306062138,0,
44000,66.59,50000,25000,4,bursty,33.295,99.885,moderate,5,p50000_w4_moderate_bursty_r5,60,20,6.518798,5.661724,6.252746,0.32266255878424577,0.01,66.59755224581578,0,
44000,66.59,50000,25000,4,steady,33.295,99.885,moderate,1,p50000_w4_moderate_steady_r1,60,20,6.614134,5.817617,6.354002,0.3282914386663361,0.0,66.59892024835574,0,
44000,66.59,50000,25000,4,steady,33.295,99.885,moderate,2,p50000_w4_moderate_steady_r2,60,20,6.638479,5.829048,6.390701,0.3286706372891152,0.0,66.59864099035191,0,
44000,66.59,50000,25000,4,steady,33.295,99.885,moderate,3,p50000_w4_moderate_steady_r3,60,20,6.595798,5.798159,6.338354,0.3274736834508842,0.0,66.59951626662351,0,
44000,66.59,50000,25000,4,steady,33.295,99.885,moderate,4,p50000_w4_moderate_steady_r4,60,20,6.630087,5.839365,6.383376,0.3284591116563513,0.0,66.59895935463067,0,
44000,66.59,50000,25000,4,steady,33.295,99.885,moderate,5,p50000_w4_moderate_steady_r5,60,20,6.663001,5.843077,6.360062,0.3287686421825264,0.0,66.59912452009864,0,
